playlist_id,input_row_count,top_artist,top_artist_count,top_artist_share,unique_artist_count,deduped_track_count,is_artist_dominated,is_diverse
808,70,lana del rey,18,0.315789,7,57,0,1
4136,57,adele,16,0.285714,14,56,0,1
4141,52,taylor swift,16,0.313725,16,51,0,1
4745,51,nirvana,7,0.140000,20,50,0,1
6104,145,michael bolton,97,1.000000,1,97,1,0
7188,59,linkin park,59,1.000000,1,59,1,0
7207,92,train,68,1.000000,1,68,1,0
7856,111,queens of the stone age,26,0.236364,6,110,0,1
7950,62,fall out boy,25,0.403226,3,62,0,0
8035,76,nirvana,25,0.367647,8,68,0,1
8944,80,rihanna,67,0.971014,3,69,1,0
10166,58,o.a.r.,41,0.872340,6,47,1,0
11036,78,alice in chains,58,0.743590,3,78,1,0
11191,61,one direction,61,1.000000,1,61,1,0
12962,94,grateful dead,24,0.255319,6,94,0,1
14281,55,p!nk,10,0.192308,18,52,0,1
14639,67,fiona apple,28,0.417910,9,67,0,0
15802,66,system of a down,21,0.323077,7,65,0,1
17101,60,one direction,59,1.000000,1,59,1,0
17338,67,ellie goulding,47,1.000000,1,47,1,0
18292,54,justin bieber,53,1.000000,1,53,1,0
18803,70,foo fighters,32,0.484848,4,66,0,0
19055,99,pearl jam,99,1.000000,1,99,1,0
20247,56,one direction,21,0.375000,8,56,0,1
21820,56,taylor swift,55,0.982143,2,56,1,0
21958,74,fall out boy,54,0.981818,2,55,1,0
23589,127,kelly clarkson,23,0.181102,19,127,0,1
23775,63,demi lovato,61,0.983871,2,62,1,0
25782,53,luther vandross,41,1.000000,1,41,1,0
27454,60,justin bieber,59,1.000000,1,59,1,0
28320,92,owl city,11,0.135802,21,81,0,1
28650,50,kanye west,49,1.000000,1,49,1,0
29711,62,lana del rey,30,0.731707,2,41,1,0
30026,59,journey,32,0.542373,21,59,1,0
30083,86,coldplay,30,0.348837,16,86,0,1
30129,52,soundgarden,13,0.250000,5,52,0,1
30964,86,jackson browne,19,0.223529,19,85,0,1
31732,63,justin bieber,58,1.000000,1,58,1,0
33174,146,korn,104,0.981132,2,106,1,0
33305,57,owl city,11,0.192982,13,57,0,1
33355,61,keith urban,60,0.983607,2,61,1,0
33660,96,britney spears,60,0.689655,4,87,1,0
34017,50,red hot chili peppers,7,0.140000,12,50,0,1
34033,63,justin bieber,58,1.000000,1,58,1,0
34923,54,ed sheeran,16,0.296296,11,54,0,1
35432,55,norah jones,53,0.981481,2,54,1,0
37424,82,nine inch nails,82,1.000000,1,82,1,0
38338,72,rihanna,68,1.000000,1,68,1,0
38464,59,alice in chains,23,0.469388,11,49,0,0
39488,63,guns n' roses,38,0.622951,11,61,1,0
40327,61,coldplay,59,1.000000,1,59,1,0
40688,74,red hot chili peppers,14,0.189189,15,74,0,1
42288,74,ed sheeran,19,0.256757,6,74,0,1
42489,93,korn,14,0.166667,19,84,0,1
45071,61,rihanna,61,1.000000,1,61,1,0
47089,66,justin bieber,23,0.348485,6,66,0,1
47209,50,kanye west,49,1.000000,1,49,1,0
48147,114,kelly clarkson,76,0.987013,2,77,1,0
48443,102,marilyn manson,93,1.000000,1,93,1,0
48644,51,katy perry,7,0.137255,26,51,0,1
48982,70,backstreet boys,70,1.000000,1,70,1,0
49705,88,maroon 5,23,0.261364,23,88,0,1
49950,61,red hot chili peppers,12,0.206897,20,58,0,1
50588,62,linkin park,62,1.000000,1,62,1,0
51954,51,owl city,50,1.000000,1,50,1,0
53760,54,nickelback,53,0.981481,2,54,1,0
56762,69,jackson browne,38,1.000000,1,38,1,0
57195,58,justin bieber,12,0.214286,26,56,0,1
58435,74,coldplay,62,0.984127,2,63,1,0
58486,63,coldplay,14,0.222222,15,63,0,1
59393,66,coldplay,17,0.261538,9,65,0,1
59684,66,red hot chili peppers,63,0.969231,2,65,1,0
60499,66,styx,25,0.390625,5,64,0,1
60663,100,toto,63,0.636364,32,99,1,0
62297,55,owl city,42,1.000000,1,42,1,0
62310,53,green day,17,0.320755,14,53,0,1
63575,59,taylor swift,58,0.983051,2,59,1,0
64430,102,alice in chains,34,0.354167,4,96,0,0
66345,95,toto,95,1.000000,1,95,1,0
66543,110,olivia newton-john,33,0.351064,19,94,0,1
67052,138,owl city,1,1.000000,1,1,1,0
67131,108,red hot chili peppers,19,0.175926,22,108,0,1
68385,76,bruno mars,8,0.105263,25,76,0,1
69248,61,demi lovato,61,1.000000,1,61,1,0
69510,87,britney spears,78,0.987342,2,79,1,0
73177,64,coldplay,43,0.671875,3,64,1,0
73493,64,rage against the machine,36,0.562500,4,64,1,0
74576,101,katy perry,33,0.370787,16,89,0,1
74653,124,slayer,94,0.989474,2,95,1,0
75067,50,red hot chili peppers,50,1.000000,1,50,1,0
75331,148,kelly clarkson,71,0.617391,11,115,1,0
76580,61,onerepublic,17,0.278689,7,61,0,1
77450,53,sam smith,11,0.211538,13,52,0,1
77542,53,kanye west,50,0.961538,2,52,1,0
78682,52,within temptation,40,1.000000,1,40,1,0
78703,75,rihanna,75,1.000000,1,75,1,0
79046,84,metallica,83,1.000000,1,83,1,0
81478,60,one direction,40,0.666667,8,60,1,0
82006,63,one direction,58,0.920635,2,63,1,0
82317,108,green day,102,1.000000,1,102,1,0
82434,77,justin bieber,34,0.465753,3,73,0,0
83466,50,queens of the stone age,47,1.000000,1,47,1,0
85078,50,nirvana,13,0.270833,7,48,0,1
86876,121,tim mcgraw,119,0.991667,2,120,1,0
86999,117,taylor swift,56,0.518519,4,108,1,0
89608,65,journey,26,0.419355,14,62,0,0
90745,82,incubus,16,0.195122,16,82,0,1
91455,55,green day,46,0.938776,3,49,1,0
91840,50,maroon 5,16,0.326531,10,49,0,1
93956,97,aerosmith,96,1.000000,1,96,1,0
95505,73,the killers,51,0.698630,7,73,1,0
97296,50,nirvana,16,0.372093,12,43,0,1
97434,107,one direction,50,0.505051,10,99,1,0
99433,110,billy joel,108,1.000000,1,108,1,0
103312,100,coldplay,75,1.000000,1,75,1,0
104898,57,system of a down,57,1.000000,1,57,1,0
107459,55,incubus,10,0.200000,14,50,0,1
108334,55,drake,46,0.978723,2,47,1,0
109785,71,nickelback,31,0.436620,3,71,0,0
112099,102,backstreet boys,70,1.000000,1,70,1,0
113083,52,soundgarden,13,0.250000,5,52,0,1
113674,161,luther vandross,102,1.000000,1,102,1,0
116665,54,adele,25,0.568182,7,44,1,0
116746,92,metallica,83,1.000000,1,83,1,0
117957,62,justin bieber,58,1.000000,1,58,1,0
118653,57,justin bieber,53,1.000000,1,53,1,0
120519,82,kenny chesney,60,0.857143,4,70,1,0
121383,55,taylor swift,53,0.981481,2,54,1,0
121771,51,train,24,0.510638,5,47,1,0
122070,50,coldplay,43,0.877551,5,49,1,0
124118,93,dave matthews band,75,1.000000,1,75,1,0
125349,150,james taylor,109,0.990909,2,110,1,0
126313,81,ozzy osbourne,74,1.000000,1,74,1,0
126930,52,kanye west,49,0.960784,2,51,1,0
126991,68,drake,53,1.000000,1,53,1,0
128014,56,lady gaga,12,0.222222,17,54,0,1
129782,54,red hot chili peppers,44,0.814815,2,54,1,0
130906,58,britney spears,14,0.245614,12,57,0,1
132214,80,kiss,80,1.000000,1,80,1,0
134146,71,steely dan,71,1.000000,1,71,1,0
134528,73,metallica,27,0.369863,10,73,0,1
135565,69,coldplay,65,1.000000,1,65,1,0
137278,80,one direction,58,0.734177,4,79,1,0
139007,58,red hot chili peppers,20,0.392157,4,51,0,0
140110,91,nickelback,73,1.000000,1,73,1,0
140309,87,dave matthews band,56,0.982456,2,57,1,0
141143,64,justin bieber,60,1.000000,1,60,1,0
141767,71,taylor swift,48,0.705882,7,68,1,0
141788,55,rihanna,55,1.000000,1,55,1,0
142274,66,adele,14,0.212121,20,66,0,1
142372,59,one direction,59,1.000000,1,59,1,0
143293,53,maroon 5,52,1.000000,1,52,1,0
144005,113,fall out boy,47,0.451923,12,104,0,0
145717,58,one direction,58,1.000000,1,58,1,0
146273,59,one direction,59,1.000000,1,59,1,0
147300,60,justin bieber,59,1.000000,1,59,1,0
148054,51,imagine dragons,9,0.180000,19,50,0,1
148254,123,guns n' roses,54,0.529412,9,102,1,0
148877,96,taylor swift,55,0.578947,3,95,1,0
150718,166,marilyn manson,77,0.463855,3,166,0,0
151646,67,owl city,48,1.000000,1,48,1,0
154189,65,rihanna,56,1.000000,1,56,1,0
155926,68,taylor swift,37,0.552239,3,67,1,0
158458,100,britney spears,12,0.121212,17,99,0,1
158847,94,pearl jam,94,1.000000,1,94,1,0
160352,59,coldplay,15,0.254237,13,59,0,1
160884,51,drake,50,1.000000,1,50,1,0
161236,77,dave matthews band,70,1.000000,1,70,1,0
161786,105,alice in chains,42,0.400000,5,105,0,1
164548,51,taylor swift,11,0.215686,14,51,0,1
165178,60,one direction,59,0.983333,2,60,1,0
165330,85,one direction,14,0.318182,11,44,0,1
166427,64,justin bieber,54,1.000000,1,54,1,0
167150,51,maroon 5,49,1.000000,1,49,1,0
167170,62,adele,23,0.389831,11,59,0,1
167827,60,one direction,59,0.983333,2,60,1,0
168054,83,judas priest,48,1.000000,1,48,1,0
169512,59,one direction,59,1.000000,1,59,1,0
172044,70,system of a down,35,0.500000,6,70,1,0
175353,103,marilyn manson,103,1.000000,1,103,1,0
175575,92,green day,92,1.000000,1,92,1,0
178405,101,one direction,51,0.504950,11,101,1,0
178763,74,justin bieber,60,1.000000,1,60,1,0
178796,66,justin bieber,61,1.000000,1,61,1,0
180444,76,demi lovato,46,0.605263,3,76,1,0
180872,52,nirvana,28,0.651163,4,43,1,0
181846,50,ed sheeran,12,0.240000,11,50,0,1
183051,78,one direction,16,0.205128,19,78,0,1
184674,70,heart,20,0.322581,11,62,0,1
185258,85,red hot chili peppers,17,0.200000,11,85,0,1
186139,169,coldplay,58,1.000000,1,58,1,0
187204,128,rascal flatts,90,0.967742,4,93,1,0
187821,58,one direction,58,1.000000,1,58,1,0
188759,60,cake,56,0.982456,2,57,1,0
188781,63,michael jackson,56,1.000000,1,56,1,0
189251,81,james taylor,61,1.000000,1,61,1,0
189365,75,taylor swift,28,0.437500,6,64,0,0
190251,56,coldplay,21,0.477273,9,44,0,0
190752,81,p!nk,33,0.478261,16,69,0,0
191484,63,nicki minaj,33,1.000000,1,33,1,0
192835,60,drake,51,1.000000,1,51,1,0
193207,64,kirk franklin,49,1.000000,1,49,1,0
193538,87,red hot chili peppers,15,0.172414,21,87,0,1
195565,89,justin bieber,60,1.000000,1,60,1,0
196158,62,justin bieber,33,0.540984,2,61,1,0
196864,52,justin bieber,42,0.933333,4,45,1,0
202415,51,foo fighters,12,0.244898,8,49,0,1
203650,58,one direction,58,1.000000,1,58,1,0
204606,111,rihanna,15,0.141509,29,106,0,1
205144,57,ozzy osbourne,42,1.000000,1,42,1,0
205512,80,one direction,52,0.650000,2,80,1,0
206023,55,u2,32,1.000000,1,32,1,0
206427,79,one direction,59,0.797297,2,74,1,0
207321,63,one direction,58,0.920635,6,63,1,0
209731,51,nirvana,12,0.235294,15,51,0,1
209785,69,justin bieber,27,0.397059,5,68,0,1
211569,87,train,66,0.767442,4,86,1,0
212693,51,justin bieber,22,0.440000,19,50,0,0
214627,53,nickelback,39,0.735849,7,53,1,0
216067,111,rascal flatts,91,0.968085,4,94,1,0
218252,85,radiohead,22,0.258824,16,85,0,1
220325,53,coldplay,17,0.326923,9,52,0,1
220522,74,drake,53,0.981481,2,54,1,0
220916,54,u2,32,1.000000,1,32,1,0
220971,77,michael jackson,71,1.000000,1,71,1,0
221392,66,christina aguilera,64,1.000000,1,64,1,0
221414,71,lana del rey,29,0.467742,4,62,0,0
221844,67,carpenters,33,1.000000,1,33,1,0
223550,134,foo fighters,25,0.186567,15,134,0,1
223842,102,red hot chili peppers,24,0.237624,6,101,0,1
224337,72,mariah carey,68,0.971429,2,70,1,0
225448,76,keith urban,69,0.985714,2,70,1,0
225974,51,foo fighters,25,0.490196,6,51,0,0
226295,84,coldplay,75,1.000000,1,75,1,0
226862,59,one direction,57,1.000000,1,57,1,0
226884,186,air supply,45,0.401786,7,112,0,0
227360,59,aerosmith,19,0.327586,17,58,0,1
228436,52,rihanna,52,1.000000,1,52,1,0
230275,75,journey,70,1.000000,1,70,1,0
231472,123,guns n' roses,39,0.322314,19,121,0,1
233615,62,p!nk,12,0.193548,26,62,0,1
235631,75,justin bieber,60,1.000000,1,60,1,0
235901,77,coldplay,68,0.931507,5,73,1,0
238253,78,foo fighters,39,0.513158,6,76,1,0
239154,68,red hot chili peppers,54,0.947368,2,57,1,0
239628,62,nickelback,42,0.677419,16,62,1,0
240166,74,one direction,22,0.297297,13,74,0,1
241884,55,great big sea,46,1.000000,1,46,1,0
245170,63,demi lovato,50,1.000000,1,50,1,0
245448,57,the killers,56,0.982456,2,57,1,0
247134,64,billy joel,17,0.278689,8,61,0,1
247926,75,dave matthews band,75,1.000000,1,75,1,0
248094,58,one direction,58,1.000000,1,58,1,0
249427,57,justin bieber,56,1.000000,1,56,1,0
250527,59,tim mcgraw,57,1.000000,1,57,1,0
251432,67,within temptation,30,0.468750,14,64,0,0
253555,57,guns n' roses,30,0.535714,10,56,1,0
254657,122,rascal flatts,89,0.978022,3,91,1,0
254878,129,red hot chili peppers,67,0.519380,9,129,1,0
256537,107,red hot chili peppers,22,0.211538,19,104,0,1
257925,54,nickelback,14,0.264151,16,53,0,1
259360,54,metallica,28,0.549020,4,51,1,0
260414,74,rihanna,65,1.000000,1,65,1,0
261025,101,journey,40,0.800000,5,50,1,0
261138,55,rihanna,54,0.981818,2,55,1,0
261262,57,justin bieber,51,1.000000,1,51,1,0
261295,104,avril lavigne,15,0.153061,20,98,0,1
261508,56,lana del rey,29,0.527273,8,55,1,0
263951,71,taylor swift,12,0.171429,14,70,0,1
264111,58,alice in chains,18,0.310345,12,58,0,1
264778,64,taylor swift,53,1.000000,1,53,1,0
265164,60,maroon 5,59,0.983333,2,60,1,0
265666,69,rihanna,69,1.000000,1,69,1,0
265978,72,alice in chains,42,0.583333,2,72,1,0
266285,127,bruno mars,18,0.152542,20,118,0,1
267309,55,billy joel,10,0.181818,24,55,0,1
268882,53,toto,22,0.415094,8,53,0,0
268957,96,foo fighters,82,1.000000,1,82,1,0
271498,83,norah jones,51,0.614458,5,83,1,0
272641,81,electric light orchestra,64,1.000000,1,64,1,0
274152,54,james taylor,34,0.629630,3,54,1,0
275296,105,one direction,20,0.224719,30,89,0,1
275665,50,system of a down,13,0.260000,8,50,0,1
277812,51,abba,18,0.360000,18,50,0,1
278135,91,alice in chains,39,0.506494,4,77,1,0
281036,89,john legend,25,0.352113,12,71,0,1
281065,72,backstreet boys,28,0.388889,3,72,0,0
281701,75,jimi hendrix,51,1.000000,1,51,1,0
283423,72,steely dan,72,1.000000,1,72,1,0
283972,62,nirvana,24,0.387097,12,62,0,1
284045,53,ellie goulding,26,0.742857,2,35,1,0
285118,86,stone temple pilots,24,0.292683,5,82,0,1
285684,60,dave matthews band,53,0.981481,2,54,1,0
287802,89,train,67,0.957143,2,70,1,0
289079,120,kiss,67,1.000000,1,67,1,0
289547,50,rihanna,49,1.000000,1,49,1,0
290687,59,one direction,59,1.000000,1,59,1,0
292452,70,linkin park,70,1.000000,1,70,1,0
293626,97,foo fighters,18,0.197802,13,91,0,1
295634,137,red hot chili peppers,55,0.423077,3,130,0,0
298130,51,ellie goulding,41,1.000000,1,41,1,0
299435,50,system of a down,31,0.688889,4,45,1,0
299436,64,kylie minogue,61,0.968254,3,63,1,0
300813,60,red hot chili peppers,50,0.980392,2,51,1,0
302989,57,coldplay,55,1.000000,1,55,1,0
304606,159,tim mcgraw,112,0.982456,3,114,1,0
306122,75,nickelback,51,0.698630,5,73,1,0
306609,59,demi lovato,57,1.000000,1,57,1,0
307173,62,bruno mars,12,0.193548,25,62,0,1
308502,58,one direction,58,1.000000,1,58,1,0
309818,140,mariah carey,83,0.988095,2,84,1,0
310063,55,taylor swift,54,1.000000,1,54,1,0
311742,53,john legend,53,1.000000,1,53,1,0
312480,66,rihanna,66,1.000000,1,66,1,0
312597,53,red hot chili peppers,21,0.396226,21,53,0,1
312876,91,soundgarden,9,0.098901,14,91,0,1
313576,60,metallica,60,1.000000,1,60,1,0
314094,102,justin bieber,53,0.630952,2,84,1,0
314863,68,dave matthews band,66,0.985075,2,67,1,0
315005,120,coldplay,83,1.000000,1,83,1,0
315453,86,foo fighters,51,0.593023,2,86,1,0
315563,83,rihanna,66,1.000000,1,66,1,0
317317,86,rihanna,68,0.971429,3,70,1,0
318953,52,justin bieber,46,1.000000,1,46,1,0
319154,83,guns n' roses,11,0.134146,25,82,0,1
319213,58,taylor swift,50,0.980392,2,51,1,0
320386,130,foo fighters,39,0.307087,13,127,0,1
322398,53,little mix,31,0.584906,5,53,1,0
325642,63,taylor swift,53,0.981481,2,54,1,0
325957,51,maroon 5,50,1.000000,1,50,1,0
326784,56,pearl jam,21,0.375000,5,56,0,1
327670,74,toto,27,0.562500,4,48,1,0
328892,71,coldplay,64,1.000000,1,64,1,0
329045,60,justin bieber,54,0.981818,2,55,1,0
329151,60,one direction,58,0.983051,2,59,1,0
329400,63,mariah carey,60,0.983607,2,61,1,0
331999,51,the script,27,0.540000,7,50,1,0
332582,52,justin bieber,51,1.000000,1,51,1,0
332689,64,roy orbison,39,1.000000,1,39,1,0
333085,117,jackson browne,102,1.000000,1,102,1,0
335534,51,justin bieber,51,1.000000,1,51,1,0
335963,71,backstreet boys,71,1.000000,1,71,1,0
336742,51,rascal flatts,47,0.959184,3,49,1,0
336759,76,justin bieber,61,1.000000,1,61,1,0
337682,54,justin bieber,50,1.000000,1,50,1,0
337986,58,one direction,56,0.982456,2,57,1,0
338449,56,maroon 5,55,1.000000,1,55,1,0
339258,75,justin bieber,61,1.000000,1,61,1,0
339327,54,rihanna,53,0.981481,2,54,1,0
340100,61,nirvana,18,0.305085,17,59,0,1
340484,72,nirvana,21,0.323077,7,65,0,1
340607,59,justin bieber,58,1.000000,1,58,1,0
341455,83,abba,83,1.000000,1,83,1,0
342445,59,one direction,14,0.237288,15,59,0,1
344561,106,journey,28,0.264151,14,106,0,1
344718,67,guns n' roses,21,0.313433,11,67,0,1
344947,73,kelly clarkson,47,0.652778,6,72,1,0
350071,76,one direction,36,0.553846,2,65,1,0
351371,61,fall out boy,54,1.000000,1,54,1,0
352366,71,the killers,58,1.000000,1,58,1,0
352655,67,alice in chains,54,1.000000,1,54,1,0
352932,92,styx,12,0.133333,32,90,0,1
356015,116,green day,115,0.991379,2,116,1,0
356424,87,taylor swift,49,0.563218,3,87,1,0
357076,54,nickelback,49,1.000000,1,49,1,0
360406,72,coldplay,71,1.000000,1,71,1,0
361691,122,foo fighters,32,0.307692,7,104,0,1
362083,55,train,23,0.425926,5,54,0,0
364157,64,justin bieber,60,1.000000,1,60,1,0
364532,89,ub40,73,1.000000,1,73,1,0
364566,67,rihanna,67,1.000000,1,67,1,0
366460,56,nirvana,15,0.267857,6,56,0,1
366728,60,one direction,58,0.983051,2,59,1,0
367076,69,backstreet boys,25,0.362319,3,69,0,0
367266,125,journey,116,0.935484,4,124,1,0
368055,56,maroon 5,56,1.000000,1,56,1,0
368549,51,owl city,50,1.000000,1,50,1,0
369006,70,one direction,37,0.528571,3,70,1,0
369178,118,one direction,59,0.536364,2,110,1,0
370262,54,kiss,53,1.000000,1,53,1,0
370323,66,guns n' roses,14,0.225806,16,62,0,1
372225,77,avril lavigne,32,0.450704,5,71,0,0
372561,56,linkin park,6,0.111111,21,54,0,1
374264,54,justin bieber,46,0.978723,2,47,1,0
374662,106,whitney houston,79,0.987500,2,80,1,0
374926,64,linkin park,8,0.126984,20,63,0,1
375651,60,one direction,60,1.000000,1,60,1,0
376270,112,def leppard,28,0.252252,33,111,0,1
378198,60,one direction,58,0.983051,2,59,1,0
379996,56,drake,53,1.000000,1,53,1,0
380982,83,whitney houston,68,1.000000,1,68,1,0
381585,61,justin bieber,17,0.278689,6,61,0,1
382718,68,metallica,17,0.253731,11,67,0,1
384263,79,red hot chili peppers,54,0.692308,8,78,1,0
384273,50,backstreet boys,39,0.928571,2,42,1,0
385704,58,one direction,58,1.000000,1,58,1,0
387404,55,one direction,39,0.709091,5,55,1,0
391256,142,kenny chesney,135,0.985401,3,137,1,0
391591,77,christina aguilera,75,1.000000,1,75,1,0
394078,57,the killers,54,1.000000,1,54,1,0
394592,128,mariah carey,108,1.000000,1,108,1,0
395210,73,whitney houston,73,1.000000,1,73,1,0
398005,62,linkin park,62,1.000000,1,62,1,0
398611,92,kenny chesney,42,0.466667,3,90,0,0
398840,58,one direction,58,1.000000,1,58,1,0
398858,57,maroon 5,57,1.000000,1,57,1,0
399272,59,justin bieber,56,1.000000,1,56,1,0
401704,57,one direction,43,0.754386,6,57,1,0
401810,89,mariah carey,73,0.973333,3,75,1,0
402102,76,journey,15,0.202703,37,74,0,1
402586,101,coldplay,49,0.505155,3,97,1,0
404670,58,one direction,58,1.000000,1,58,1,0
405767,56,demi lovato,56,1.000000,1,56,1,0
406381,58,one direction,58,1.000000,1,58,1,0
406921,111,marilyn manson,82,0.780952,12,105,1,0
406985,81,coldplay,70,1.000000,1,70,1,0
407734,74,pearl jam,17,0.229730,11,74,0,1
407972,73,dave matthews band,71,1.000000,1,71,1,0
410249,110,billy joel,108,1.000000,1,108,1,0
411967,50,justin bieber,46,1.000000,1,46,1,0
412999,51,billy joel,46,0.938776,4,49,1,0
413329,91,justin bieber,61,1.000000,1,61,1,0
415184,54,taylor swift,26,0.490566,11,53,0,0
416036,77,korn,40,0.519481,10,77,1,0
416819,63,one direction,60,1.000000,1,60,1,0
417012,53,whitney houston,27,0.519231,4,52,1,0
417014,52,ellie goulding,39,1.000000,1,39,1,0
417765,88,counting crows,46,0.621622,8,74,1,0
418080,55,dave matthews band,50,1.000000,1,50,1,0
418211,153,nickelback,41,0.267974,5,153,0,1
419037,134,foo fighters,57,0.448819,17,127,0,0
420423,118,coldplay,87,1.000000,1,87,1,0
420439,51,styx,30,0.588235,7,51,1,0
421219,57,system of a down,57,1.000000,1,57,1,0
421773,145,kiss,145,1.000000,1,145,1,0
423964,52,drake,44,1.000000,1,44,1,0
424407,100,coldplay,64,1.000000,1,64,1,0
424716,116,coldplay,62,0.596154,13,104,1,0
424883,92,whitney houston,73,0.986486,2,74,1,0
424947,105,maroon 5,24,0.275862,6,87,0,1
425105,111,tim mcgraw,109,0.981982,3,111,1,0
428307,58,one direction,58,1.000000,1,58,1,0
429555,78,the weeknd,19,0.250000,10,76,0,1
429688,61,demi lovato,59,1.000000,1,59,1,0
430374,58,linkin park,22,0.379310,10,58,0,1
430813,70,linkin park,66,0.942857,2,70,1,0
431519,71,cinderella,22,0.448980,4,49,0,0
431731,122,pearl jam,39,0.348214,4,112,0,0
432670,65,foo fighters,17,0.265625,14,64,0,1
435046,50,adele,33,1.000000,1,33,1,0
436292,79,dave matthews band,62,1.000000,1,62,1,0
436494,83,pearl jam,17,0.215190,10,79,0,1
437357,60,taylor swift,58,0.983051,2,59,1,0
437616,73,justin bieber,57,0.838235,6,68,1,0
438797,118,o.a.r.,48,1.000000,1,48,1,0
439057,90,nick drake,38,1.000000,1,38,1,0
439347,74,fall out boy,39,0.600000,3,65,1,0
439992,59,rihanna,59,1.000000,1,59,1,0
440468,69,justin bieber,61,1.000000,1,61,1,0
440482,50,linkin park,15,0.300000,15,50,0,1
442224,54,one direction,52,1.000000,1,52,1,0
442390,61,dave matthews band,33,0.540984,2,61,1,0
444031,57,system of a down,57,1.000000,1,57,1,0
444138,58,korn,20,0.357143,8,56,0,1
444646,73,britney spears,31,0.462687,6,67,0,0
444880,89,kelly clarkson,86,1.000000,1,86,1,0
447068,67,one direction,18,0.295082,18,61,0,1
447258,63,maroon 5,46,0.741935,8,62,1,0
448260,60,one direction,60,1.000000,1,60,1,0
448832,51,lady gaga,9,0.176471,25,51,0,1
449872,110,metallica,52,0.481481,6,108,0,0
450724,64,michael jackson,59,1.000000,1,59,1,0
453867,76,one direction,51,0.671053,3,76,1,0
455712,58,one direction,58,1.000000,1,58,1,0
459045,51,rage against the machine,22,0.431373,5,51,0,0
459617,55,maroon 5,54,1.000000,1,54,1,0
461817,50,demi lovato,49,0.980000,2,50,1,0
462023,75,maroon 5,13,0.173333,7,75,0,1
462963,59,taylor swift,57,0.982759,2,58,1,0
463736,53,fall out boy,53,1.000000,1,53,1,0
463988,54,ingrid michaelson,54,1.000000,1,54,1,0
465122,119,toto,119,1.000000,1,119,1,0
465320,122,maroon 5,41,0.338843,10,121,0,1
466808,69,john legend,30,0.447761,3,67,0,0
467772,51,kanye west,49,1.000000,1,49,1,0
471161,50,owl city,50,1.000000,1,50,1,0
471396,108,alice in chains,22,0.203704,9,108,0,1
472708,59,one direction,58,1.000000,1,58,1,0
473019,50,norah jones,42,0.840000,2,50,1,0
473512,89,alice in chains,23,0.258427,6,89,0,1
474162,85,justin bieber,61,1.000000,1,61,1,0
475700,54,taylor swift,54,1.000000,1,54,1,0
476865,60,owl city,57,1.000000,1,57,1,0
477013,58,taylor swift,52,0.896552,5,58,1,0
477519,54,linkin park,51,1.000000,1,51,1,0
478650,51,one direction,39,0.847826,4,46,1,0
478955,124,alice in chains,37,0.298387,7,124,0,1
480966,96,incubus,18,0.187500,14,96,0,1
482247,134,mariah carey,98,1.000000,1,98,1,0
482478,52,justin bieber,52,1.000000,1,52,1,0
482593,60,taylor swift,59,0.983333,2,60,1,0
485276,58,rihanna,58,1.000000,1,58,1,0
486727,54,steely dan,29,1.000000,1,29,1,0
487008,64,justin bieber,54,1.000000,1,54,1,0
487751,65,justin timberlake,25,0.390625,4,64,0,0
487809,107,coldplay,28,0.264151,18,106,0,1
487842,75,counting crows,67,1.000000,1,67,1,0
488343,92,rush,17,0.186813,24,91,0,1
489030,145,billy joel,41,0.320312,4,128,0,0
489974,50,imagine dragons,10,0.204082,13,49,0,1
490364,61,adele,11,0.215686,12,51,0,1
490977,89,foo fighters,86,0.988506,2,87,1,0
491339,67,coldplay,64,1.000000,1,64,1,0
491854,50,adele,13,0.260000,15,50,0,1
492139,50,owl city,49,1.000000,1,49,1,0
492269,54,one direction,9,0.166667,20,54,0,1
492901,131,red hot chili peppers,81,0.786408,4,103,1,0
495110,62,one direction,59,1.000000,1,59,1,0
497500,54,coldplay,22,0.415094,7,53,0,0
497631,51,norah jones,51,1.000000,1,51,1,0
502535,60,ed sheeran,14,0.241379,10,58,0,1
506560,59,one direction,59,1.000000,1,59,1,0
507317,69,the script,8,0.115942,21,69,0,1
507394,96,linkin park,24,0.285714,6,84,0,1
508513,51,maroon 5,9,0.176471,13,51,0,1
508589,66,coldplay,55,1.000000,1,55,1,0
508768,80,linkin park,69,1.000000,1,69,1,0
509517,51,kelly clarkson,34,0.680000,6,50,1,0
510286,60,incubus,26,0.472727,5,55,0,0
511484,87,korn,79,0.987500,2,80,1,0
512303,102,demi lovato,34,0.336634,7,101,0,1
512367,58,system of a down,58,1.000000,1,58,1,0
512892,68,sublime,31,0.469697,3,66,0,0
513061,61,zz top,32,0.524590,12,61,1,0
513370,55,one direction,50,1.000000,1,50,1,0
514230,71,justin bieber,19,0.904762,3,21,1,0
514373,59,one direction,59,1.000000,1,59,1,0
514941,51,red hot chili peppers,11,0.215686,15,51,0,1
516510,147,korn,107,1.000000,1,107,1,0
517233,59,one direction,59,1.000000,1,59,1,0
517581,68,lady gaga,13,0.216667,19,60,0,1
520603,72,jackson browne,33,0.458333,6,72,0,0
520825,50,system of a down,13,0.276596,23,47,0,1
521057,62,red hot chili peppers,12,0.210526,13,57,0,1
522645,61,owl city,55,1.000000,1,55,1,0
522828,86,bruno mars,18,0.214286,22,84,0,1
523544,113,billy joel,106,1.000000,1,106,1,0
523867,59,one direction,25,0.423729,9,59,0,0
524059,87,marilyn manson,87,1.000000,1,87,1,0
524190,92,leonard cohen,66,0.985075,2,67,1,0
524229,61,ingrid michaelson,51,0.980769,2,52,1,0
525038,91,adele,33,0.412500,20,80,0,0
526956,120,marilyn manson,96,0.989691,2,97,1,0
527006,104,tim mcgraw,102,0.990291,2,103,1,0
527534,52,korn,25,0.520833,15,48,1,0
527998,50,mariah carey,22,0.448980,11,49,0,0
528341,88,abba,83,1.000000,1,83,1,0
529375,61,linkin park,59,1.000000,1,59,1,0
530400,58,one direction,58,1.000000,1,58,1,0
531933,62,tina turner,45,1.000000,1,45,1,0
536026,111,coldplay,75,1.000000,1,75,1,0
536878,69,twenty one pilots,25,0.362319,6,69,0,1
538630,128,miley cyrus,27,0.252336,28,107,0,1
539480,59,taylor swift,58,0.983051,2,59,1,0
539889,57,fall out boy,57,1.000000,1,57,1,0
540263,87,steely dan,75,1.000000,1,75,1,0
540836,54,red hot chili peppers,29,0.537037,9,54,1,0
542458,62,kenny chesney,22,0.423077,5,52,0,0
542907,64,system of a down,9,0.142857,18,63,0,1
545815,68,one direction,37,0.544118,2,68,1,0
546626,72,red hot chili peppers,26,0.406250,12,64,0,0
547111,63,system of a down,57,0.919355,5,62,1,0
548491,52,demi lovato,48,1.000000,1,48,1,0
551458,52,coldplay,28,0.538462,4,52,1,0
552334,74,nirvana,21,0.287671,16,73,0,1
555511,87,one direction,59,0.694118,16,85,1,0
558253,58,taylor swift,57,0.982759,2,58,1,0
558279,60,justin bieber,54,1.000000,1,54,1,0
558315,84,rihanna,75,1.000000,1,75,1,0
559599,55,justin bieber,50,1.000000,1,50,1,0
561729,58,taylor swift,11,0.189655,20,58,0,1
562400,122,justin bieber,29,0.305263,10,95,0,1
562888,114,mariah carey,104,0.981132,2,106,1,0
563051,53,norah jones,21,0.396226,6,53,0,1
563526,52,tom jones,28,0.965517,2,29,1,0
565694,56,justin bieber,51,1.000000,1,51,1,0
566006,69,george michael,42,0.933333,3,45,1,0
567600,98,soundgarden,31,0.316327,5,98,0,1
568414,140,john legend,37,0.948718,2,39,1,0
569217,53,judas priest,20,0.377358,5,53,0,1
569629,54,one direction,52,1.000000,1,52,1,0
570131,71,steely dan,58,1.000000,1,58,1,0
570373,57,system of a down,57,1.000000,1,57,1,0
570495,56,maroon 5,25,0.454545,11,55,0,0
570728,82,justin bieber,60,1.000000,1,60,1,0
570840,73,kelly clarkson,20,0.277778,20,72,0,1
570915,118,green day,118,1.000000,1,118,1,0
571593,53,sia,48,0.923077,4,52,1,0
571935,148,zac brown band,30,0.681818,2,44,1,0
572037,84,rihanna,78,0.939759,6,83,1,0
574070,56,kenny chesney,55,1.000000,1,55,1,0
575148,52,maroon 5,14,0.274510,20,51,0,1
575464,51,journey,9,0.180000,18,50,0,1
576043,97,kirk franklin,68,1.000000,1,68,1,0
577097,50,katy perry,11,0.224490,19,49,0,1
577963,52,katy perry,8,0.170213,22,47,0,1
578640,112,red hot chili peppers,55,0.500000,4,110,1,0
579156,65,justin bieber,61,1.000000,1,61,1,0
580532,58,rihanna,54,0.931034,5,58,1,0
581050,56,justin bieber,55,1.000000,1,55,1,0
581829,80,linkin park,15,0.202703,23,74,0,1
581843,58,one direction,58,1.000000,1,58,1,0
585824,56,one direction,56,1.000000,1,56,1,0
587681,60,ozzy osbourne,60,1.000000,1,60,1,0
587682,77,one direction,58,0.763158,8,76,1,0
588797,80,steely dan,77,1.000000,1,77,1,0
589462,138,taylor swift,30,0.217391,12,138,0,1
590377,78,electric light orchestra,12,0.166667,10,72,0,1
591096,52,sublime,47,1.000000,1,47,1,0
591272,50,bruno mars,19,0.380000,9,50,0,1
591851,97,one direction,41,0.482353,6,85,0,0
593074,78,nickelback,29,0.391892,5,74,0,1
593455,61,justin bieber,49,1.000000,1,49,1,0
593833,68,lionel richie,32,1.000000,1,32,1,0
595410,52,p!nk,4,0.078431,24,51,0,1
595813,73,ed sheeran,22,0.301370,12,73,0,1
595835,59,nickelback,25,0.423729,16,59,0,0
595978,74,maroon 5,43,1.000000,1,43,1,0
597625,66,sublime,13,0.200000,8,65,0,1
598382,53,coldplay,30,0.576923,2,52,1,0
598388,68,whitney houston,67,0.985294,2,68,1,0
598978,56,"""weird al"" yankovic",53,1.000000,1,53,1,0
600115,70,justin bieber,23,0.359375,18,64,0,1
600842,70,tim mcgraw,67,0.957143,4,70,1,0
602820,54,radiohead,11,0.220000,12,50,0,1
603291,61,pearl jam,10,0.178571,12,56,0,1
603417,58,one direction,58,1.000000,1,58,1,0
605301,74,fall out boy,50,1.000000,1,50,1,0
607364,84,backstreet boys,67,0.797619,2,84,1,0
607483,62,kelly clarkson,17,0.283333,8,60,0,1
612036,57,taylor swift,45,1.000000,1,45,1,0
612344,50,demi lovato,48,1.000000,1,48,1,0
613288,74,selah,39,1.000000,1,39,1,0
613291,65,one direction,59,1.000000,1,59,1,0
613506,71,linkin park,34,0.492754,6,69,0,0
614217,67,backstreet boys,28,0.417910,3,67,0,0
614543,54,katy perry,13,0.254902,13,51,0,1
614769,52,justin bieber,45,1.000000,1,45,1,0
615152,61,owl city,45,1.000000,1,45,1,0
616692,64,paul simon,41,1.000000,1,41,1,0
616933,65,justin bieber,51,1.000000,1,51,1,0
617462,60,justin bieber,50,0.833333,2,60,1,0
618312,59,one direction,59,1.000000,1,59,1,0
618933,62,linkin park,47,1.000000,1,47,1,0
620603,104,james taylor,99,1.000000,1,99,1,0
621485,55,norah jones,28,0.509091,4,55,1,0
623000,65,rihanna,65,1.000000,1,65,1,0
624223,88,fall out boy,59,1.000000,1,59,1,0
624940,61,one direction,59,1.000000,1,59,1,0
624971,59,kelly clarkson,12,0.203390,20,59,0,1
625384,54,sublime,17,0.314815,12,54,0,1
625780,87,kelly clarkson,87,1.000000,1,87,1,0
625837,62,rihanna,62,1.000000,1,62,1,0
626809,52,foo fighters,14,0.274510,9,51,0,1
627030,56,maroon 5,12,0.222222,19,54,0,1
628814,51,little mix,14,0.285714,10,49,0,1
630491,140,steely dan,78,1.000000,1,78,1,0
631062,92,metallica,90,0.978261,2,92,1,0
631183,119,mariah carey,83,0.988095,2,84,1,0
631389,57,creedence clearwater revival,26,0.490566,6,53,0,0
631867,52,ellie goulding,41,1.000000,1,41,1,0
634011,56,christina aguilera,55,1.000000,1,55,1,0
634376,70,drake,38,0.550725,12,69,1,0
634495,88,one direction,58,1.000000,1,58,1,0
634771,57,drake,53,0.981481,2,54,1,0
637848,80,mariah carey,66,0.985075,2,67,1,0
638869,55,lana del rey,29,1.000000,1,29,1,0
639481,63,one direction,59,1.000000,1,59,1,0
639580,68,rihanna,57,0.850746,2,67,1,0
639859,82,nirvana,14,0.191781,10,73,0,1
640441,96,alice in chains,12,0.125000,12,96,0,1
640718,77,keith urban,68,1.000000,1,68,1,0
641215,58,maroon 5,57,1.000000,1,57,1,0
641365,74,maroon 5,60,1.000000,1,60,1,0
641457,50,demi lovato,46,1.000000,1,46,1,0
642886,51,maroon 5,26,0.509804,4,51,1,0
643761,60,pearl jam,12,0.200000,16,60,0,1
645105,53,one direction,43,0.811321,2,53,1,0
646579,52,justin bieber,51,1.000000,1,51,1,0
648799,50,rihanna,12,0.240000,10,50,0,1
649028,75,green day,46,0.978723,2,47,1,0
652163,59,one direction,59,1.000000,1,59,1,0
652364,62,mariah carey,59,1.000000,1,59,1,0
653838,78,rush,78,1.000000,1,78,1,0
655516,76,sublime,41,1.000000,1,41,1,0
655542,62,taylor swift,35,0.777778,5,45,1,0
656463,55,taylor swift,54,0.981818,2,55,1,0
657102,63,one direction,58,0.920635,5,63,1,0
659380,59,maroon 5,57,1.000000,1,57,1,0
660385,59,radiohead,28,0.518519,11,54,1,0
663013,69,justin bieber,58,1.000000,1,58,1,0
665937,59,usher,31,0.574074,2,54,1,0
666368,97,ellie goulding,29,0.298969,6,97,0,1
666518,60,depeche mode,15,0.263158,17,57,0,1
667906,90,kenny chesney,72,0.935065,4,77,1,0
668741,67,taylor swift,54,0.981818,2,55,1,0
669045,53,justin bieber,52,1.000000,1,52,1,0
669871,139,abba,84,1.000000,1,84,1,0
670086,51,justin bieber,44,1.000000,1,44,1,0
671146,110,coldplay,76,1.000000,1,76,1,0
671596,52,taylor swift,52,1.000000,1,52,1,0
671623,60,stone temple pilots,14,0.237288,14,59,0,1
672579,51,justin bieber,47,1.000000,1,47,1,0
678344,50,o.a.r.,50,1.000000,1,50,1,0
680686,61,one direction,58,0.950820,2,61,1,0
681489,76,justin bieber,58,1.000000,1,58,1,0
681504,64,slayer,43,0.716667,2,60,1,0
682590,82,justin bieber,60,1.000000,1,60,1,0
683048,60,taylor swift,58,0.983051,2,59,1,0
683456,82,nickelback,82,1.000000,1,82,1,0
686080,59,one direction,59,1.000000,1,59,1,0
686668,53,system of a down,23,0.433962,5,53,0,0
688327,118,p!nk,22,0.194690,22,113,0,1
688690,69,journey,27,0.391304,8,69,0,1
689746,104,incubus,23,0.221154,11,104,0,1
690866,55,onerepublic,17,0.309091,12,55,0,1
691277,129,pearl jam,30,0.256410,12,117,0,1
692540,58,one direction,58,1.000000,1,58,1,0
694173,100,leonard cohen,59,1.000000,1,59,1,0
694703,77,katy perry,16,0.207792,28,77,0,1
695195,107,rihanna,29,0.273585,7,106,0,1
700190,66,ozzy osbourne,45,1.000000,1,45,1,0
701202,61,nirvana,35,0.625000,8,56,1,0
703534,51,metallica,24,0.480000,11,50,0,0
703814,92,oingo boingo,26,0.288889,16,90,0,1
704571,51,kanye west,50,1.000000,1,50,1,0
704705,106,billy joel,17,0.161905,15,105,0,1
707332,50,demi lovato,48,1.000000,1,48,1,0
707796,106,pearl jam,26,0.265306,14,98,0,1
708284,50,nirvana,15,0.300000,12,50,0,1
709936,92,nine inch nails,58,0.816901,2,71,1,0
714219,88,linkin park,23,0.298701,9,77,0,1
715488,57,red hot chili peppers,32,0.561404,4,57,1,0
716030,117,rascal flatts,67,0.572650,7,117,1,0
716249,55,justin bieber,52,0.981132,2,53,1,0
716514,96,paul simon,73,1.000000,1,73,1,0
717143,90,taylor swift,49,0.803279,7,61,1,0
717278,103,alice in chains,39,0.475610,4,82,0,0
717446,51,foo fighters,19,0.380000,12,50,0,1
717600,88,nine inch nails,80,0.987654,2,81,1,0
717880,51,one direction,51,1.000000,1,51,1,0
718111,58,one direction,58,1.000000,1,58,1,0
720797,67,rihanna,67,1.000000,1,67,1,0
721816,59,rihanna,58,1.000000,1,58,1,0
722886,61,justin bieber,57,1.000000,1,57,1,0
723049,72,red hot chili peppers,23,0.348485,4,66,0,0
723942,70,rihanna,69,1.000000,1,69,1,0
728830,62,linkin park,59,0.967213,2,61,1,0
728913,100,system of a down,32,0.329897,4,97,0,0
730023,52,ne-yo,52,1.000000,1,52,1,0
730112,52,rascal flatts,17,0.346939,9,49,0,1
730114,95,metallica,95,1.000000,1,95,1,0
733170,71,tom jones,44,1.000000,1,44,1,0
733242,73,maroon 5,14,0.191781,18,73,0,1
733551,142,mariah carey,108,0.990826,2,109,1,0
735575,53,maroon 5,16,0.301887,14,53,0,1
735941,57,incubus,21,0.375000,14,56,0,1
736653,127,tim mcgraw,86,0.988506,2,87,1,0
736698,58,norah jones,54,0.981818,2,55,1,0
736928,66,linkin park,43,0.651515,7,66,1,0
739721,57,journey,15,0.272727,12,55,0,1
740178,59,the killers,58,1.000000,1,58,1,0
742282,70,justin bieber,48,1.000000,1,48,1,0
743105,55,drake,52,1.000000,1,52,1,0
743884,74,one direction,59,1.000000,1,59,1,0
744014,50,imagine dragons,24,0.727273,5,33,1,0
745393,59,one direction,59,1.000000,1,59,1,0
747529,100,taylor swift,49,0.490000,6,100,0,0
748151,79,taylor swift,48,0.615385,3,78,1,0
748611,62,kenny chesney,20,0.322581,5,62,0,1
748746,70,lady gaga,34,0.618182,5,55,1,0
749815,96,red hot chili peppers,37,0.385417,12,96,0,1
750279,64,maroon 5,56,0.875000,2,64,1,0
750569,60,coldplay,58,1.000000,1,58,1,0
750640,78,incubus,78,1.000000,1,78,1,0
750877,80,marilyn manson,80,1.000000,1,80,1,0
751372,62,justin bieber,58,1.000000,1,58,1,0
752832,55,john legend,54,0.981818,2,55,1,0
756515,50,one direction,50,1.000000,1,50,1,0
756881,60,maroon 5,10,0.166667,20,60,0,1
757885,51,yellowcard,39,0.764706,4,51,1,0
759707,82,justin bieber,33,0.440000,21,75,0,0
763887,67,one direction,21,0.333333,9,63,0,1
764492,57,one direction,57,1.000000,1,57,1,0
764826,94,one direction,37,0.393617,13,94,0,1
765677,70,alabama,48,1.000000,1,48,1,0
767865,75,miley cyrus,56,0.965517,3,58,1,0
768637,89,alice in chains,32,0.359551,8,89,0,1
768666,105,red hot chili peppers,77,0.810526,9,95,1,0
768858,55,norah jones,53,0.963636,3,55,1,0
769271,90,coldplay,40,0.465116,18,86,0,0
771457,65,rihanna,56,1.000000,1,56,1,0
772725,151,tim mcgraw,85,0.988372,2,86,1,0
772995,54,foo fighters,22,0.423077,6,52,0,0
775041,50,one direction,50,1.000000,1,50,1,0
775274,74,tim mcgraw,48,0.941176,4,51,1,0
775285,62,rihanna,62,1.000000,1,62,1,0
775445,53,one direction,49,0.924528,5,53,1,0
776901,65,alice in chains,65,1.000000,1,65,1,0
777225,77,ariana grande,33,0.970588,2,34,1,0
778972,69,justin bieber,53,1.000000,1,53,1,0
778975,82,britney spears,79,1.000000,1,79,1,0
780439,60,one direction,59,1.000000,1,59,1,0
780745,56,justin bieber,44,1.000000,1,44,1,0
781212,59,taylor swift,57,0.982759,2,58,1,0
782342,61,kelly clarkson,16,0.285714,11,56,0,1
782713,78,nickelback,73,0.948052,2,77,1,0
782902,70,drake,39,0.600000,3,65,1,0
784883,57,nirvana,19,0.333333,14,57,0,1
786791,70,linkin park,70,1.000000,1,70,1,0
789050,55,one direction,54,1.000000,1,54,1,0
789152,99,kelly clarkson,99,1.000000,1,99,1,0
789256,57,katy perry,35,1.000000,1,35,1,0
789264,58,adele,21,0.396226,9,53,0,1
789415,59,taylor swift,58,1.000000,1,58,1,0
790509,79,demi lovato,44,0.687500,8,64,1,0
790710,55,backstreet boys,28,0.518519,18,54,1,0
794789,66,enrique iglesias,13,0.196970,19,66,0,1
796074,169,tim mcgraw,111,0.982301,3,113,1,0
796203,75,rihanna,75,1.000000,1,75,1,0
796217,75,rihanna,75,1.000000,1,75,1,0
797107,112,green day,55,0.504587,21,109,1,0
797620,64,metallica,11,0.171875,18,64,0,1
798620,79,train,44,0.564103,2,78,1,0
801157,57,taylor swift,55,0.982143,2,56,1,0
803609,58,radiohead,10,0.175439,10,57,0,1
803834,89,keith urban,74,0.973684,2,76,1,0
805003,55,scorpions,29,0.557692,2,52,1,0
807676,72,nirvana,20,0.298507,6,67,0,1
811174,53,justin bieber,50,1.000000,1,50,1,0
811182,86,abba,84,1.000000,1,84,1,0
812754,87,coldplay,63,1.000000,1,63,1,0
813857,59,pat benatar,8,0.135593,23,59,0,1
814721,50,owl city,48,1.000000,1,48,1,0
814976,64,system of a down,57,0.890625,4,64,1,0
817784,53,one direction,53,1.000000,1,53,1,0
818157,134,coldplay,88,1.000000,1,88,1,0
818161,124,westlife,105,0.990566,2,106,1,0
819830,101,maroon 5,24,0.240000,13,100,0,1
820626,60,one direction,58,1.000000,1,58,1,0
823073,70,nickelback,36,0.514286,15,70,1,0
823266,90,guns n' roses,61,1.000000,1,61,1,0
824592,58,one direction,58,1.000000,1,58,1,0
825692,67,rascal flatts,64,0.969697,3,66,1,0
826120,56,bruno mars,12,0.226415,10,53,0,1
826122,66,system of a down,35,0.546875,12,64,1,0
826718,69,justin bieber,56,1.000000,1,56,1,0
827106,55,kenny chesney,33,0.647059,4,51,1,0
827374,77,adele,33,0.452055,6,73,0,0
828415,68,evanescence,31,0.500000,7,62,1,0
830467,52,nirvana,25,0.480769,4,52,0,0
831064,60,p!nk,31,0.516667,2,60,1,0
833266,51,christina aguilera,51,1.000000,1,51,1,0
834606,52,justin bieber,39,1.000000,1,39,1,0
834819,59,one direction,58,1.000000,1,58,1,0
837783,81,guns n' roses,25,0.328947,11,76,0,1
838648,82,owl city,41,0.518987,4,79,1,0
838899,61,one direction,59,1.000000,1,59,1,0
840583,51,drake,31,0.968750,2,32,1,0
841481,58,system of a down,58,1.000000,1,58,1,0
841639,77,guns n' roses,17,0.229730,20,74,0,1
842058,99,justin bieber,58,0.610526,8,95,1,0
842079,62,linkin park,62,1.000000,1,62,1,0
842314,63,bruno mars,12,0.190476,19,63,0,1
842576,59,maroon 5,59,1.000000,1,59,1,0
843755,111,incubus,47,0.474747,3,99,0,0
844158,88,stone temple pilots,19,0.246753,10,77,0,1
844244,63,demi lovato,49,1.000000,1,49,1,0
844274,57,adele,19,0.333333,18,57,0,1
845111,55,alice in chains,20,0.425532,5,47,0,0
845780,63,taylor swift,7,0.118644,29,59,0,1
846108,69,avril lavigne,53,0.768116,13,69,1,0
847060,64,maroon 5,57,1.000000,1,57,1,0
848151,59,red hot chili peppers,37,0.627119,5,59,1,0
848497,62,taylor swift,60,0.983607,2,61,1,0
851344,50,britney spears,49,0.980000,2,50,1,0
851666,84,adele,33,0.397590,5,83,0,1
852368,63,taylor swift,17,0.809524,3,21,1,0
853038,58,one direction,58,1.000000,1,58,1,0
853851,63,nirvana,24,0.387097,6,62,0,1
856081,75,taylor swift,49,0.700000,3,70,1,0
856157,125,guns n' roses,17,0.150442,19,113,0,1
858456,75,drake,55,1.000000,1,55,1,0
859959,78,heart,29,0.376623,5,77,0,1
860818,85,rascal flatts,63,0.969231,3,65,1,0
860850,54,nirvana,15,0.277778,8,54,0,1
862793,54,one direction,28,0.549020,2,51,1,0
865453,51,nickelback,29,0.580000,4,50,1,0
865890,66,nirvana,19,0.287879,10,66,0,1
869987,50,fall out boy,49,0.980000,2,50,1,0
870385,108,maroon 5,24,0.247423,17,97,0,1
870535,53,ne-yo,52,1.000000,1,52,1,0
871779,111,green day,111,1.000000,1,111,1,0
871895,61,avril lavigne,44,1.000000,1,44,1,0
877446,56,norah jones,53,0.963636,3,55,1,0
877708,56,justin bieber,54,1.000000,1,54,1,0
878155,54,the killers,53,0.981481,2,54,1,0
879043,76,the killers,48,0.727273,3,66,1,0
879340,106,one direction,59,0.556604,3,106,1,0
881750,57,nirvana,19,0.333333,14,57,0,1
883765,53,bruno mars,11,0.211538,22,52,0,1
883787,63,fall out boy,57,1.000000,1,57,1,0
884008,56,taylor swift,55,0.982143,2,56,1,0
884138,50,bruno mars,12,0.250000,10,48,0,1
885461,111,billy joel,108,0.990826,2,109,1,0
885698,54,one direction,54,1.000000,1,54,1,0
889088,74,nicki minaj,36,1.000000,1,36,1,0
889186,78,incubus,12,0.153846,18,78,0,1
890667,54,rage against the machine,36,0.666667,2,54,1,0
890986,65,kelly clarkson,11,0.171875,16,64,0,1
891089,64,rihanna,46,0.920000,5,50,1,0
891897,58,maroon 5,57,0.982759,2,58,1,0
892117,50,ne-yo,50,1.000000,1,50,1,0
892597,64,system of a down,24,0.375000,9,64,0,1
894166,55,kenny chesney,54,0.981818,2,55,1,0
894603,50,onerepublic,23,0.460000,10,50,0,0
896538,52,coldplay,40,0.784314,4,51,1,0
896655,70,nickelback,66,1.000000,1,66,1,0
896725,55,miley cyrus,55,1.000000,1,55,1,0
897054,53,taylor swift,18,0.346154,18,52,0,1
897252,78,one direction,30,0.384615,10,78,0,1
900238,72,steely dan,72,1.000000,1,72,1,0
901211,75,evanescence,20,0.266667,19,75,0,1
902551,61,foo fighters,22,0.360656,14,61,0,1
902994,75,adele,14,0.194444,8,72,0,1
903982,156,abba,84,1.000000,1,84,1,0
904186,114,alice in chains,39,0.402062,4,97,0,0
905795,80,incubus,49,0.980000,2,50,1,0
906004,93,red hot chili peppers,35,0.380435,7,92,0,1
906161,52,bob dylan,21,0.583333,2,36,1,0
906635,52,sia,51,1.000000,1,51,1,0
907883,57,journey,11,0.200000,17,55,0,1
908034,60,little mix,31,0.516667,2,60,1,0
909509,83,demi lovato,44,0.536585,3,82,1,0
910199,56,lynyrd skynyrd,37,0.685185,4,54,1,0
910596,59,nine inch nails,55,1.000000,1,55,1,0
911195,55,one direction,53,1.000000,1,53,1,0
913161,57,linkin park,14,0.245614,6,57,0,1
913489,97,michael jackson,82,1.000000,1,82,1,0
914246,69,owl city,37,0.544118,7,68,1,0
916080,54,james taylor,13,0.302326,13,43,0,1
916700,63,mariah carey,62,1.000000,1,62,1,0
916726,60,tim mcgraw,47,0.886792,2,53,1,0
917278,90,the killers,25,0.304878,14,82,0,1
918423,57,one direction,56,1.000000,1,56,1,0
918687,91,nickelback,73,1.000000,1,73,1,0
919405,66,red hot chili peppers,43,0.671875,4,64,1,0
919543,55,kirk franklin,44,1.000000,1,44,1,0
919607,54,taylor swift,54,1.000000,1,54,1,0
922300,132,maroon 5,38,0.296875,20,128,0,1
923369,52,one direction,20,0.384615,4,52,0,0
924479,50,maroon 5,17,0.340000,9,50,0,1
925545,51,one direction,51,1.000000,1,51,1,0
925919,103,michael jackson,91,1.000000,1,91,1,0
927831,93,alice in chains,19,0.204301,8,93,0,1
928173,80,"""weird al"" yankovic",74,1.000000,1,74,1,0
928616,56,justin bieber,53,1.000000,1,53,1,0
929284,58,justin bieber,58,1.000000,1,58,1,0
931537,131,backstreet boys,65,0.585586,2,111,1,0
933219,58,one direction,58,1.000000,1,58,1,0
933705,85,foo fighters,84,0.988235,2,85,1,0
936393,81,guns n' roses,28,0.358974,5,78,0,1
936896,54,system of a down,54,1.000000,1,54,1,0
938309,50,maroon 5,9,0.180000,20,50,0,1
938548,68,jackson browne,64,1.000000,1,64,1,0
939270,53,josh groban,38,1.000000,1,38,1,0
939288,54,justin bieber,35,0.648148,7,54,1,0
940901,59,one direction,59,1.000000,1,59,1,0
941488,119,coldplay,86,1.000000,1,86,1,0
942459,51,demi lovato,50,0.980392,2,51,1,0
942822,87,lana del rey,27,0.313953,5,86,0,1
943604,58,one direction,58,1.000000,1,58,1,0
943677,51,drake,51,1.000000,1,51,1,0
944183,51,drake,51,1.000000,1,51,1,0
944789,96,one direction,53,0.552083,10,96,1,0
945172,103,maroon 5,33,0.320388,5,103,0,1
945567,70,stone temple pilots,13,0.188406,17,69,0,1
946556,51,one direction,50,1.000000,1,50,1,0
948686,130,maroon 5,57,0.456000,14,125,0,0
948689,63,taylor swift,38,0.612903,8,62,1,0
950457,54,justin bieber,54,1.000000,1,54,1,0
950746,55,justin bieber,21,0.388889,9,54,0,1
950889,58,one direction,58,1.000000,1,58,1,0
951095,59,taylor swift,9,0.155172,16,58,0,1
951135,85,maroon 5,56,1.000000,1,56,1,0
951347,109,abba,73,1.000000,1,73,1,0
952801,55,rihanna,55,1.000000,1,55,1,0
954143,59,justin bieber,58,1.000000,1,58,1,0
954416,55,rihanna,55,1.000000,1,55,1,0
955910,130,one direction,50,0.393701,13,127,0,1
957702,69,one direction,58,0.983051,2,59,1,0
957854,69,journey,65,1.000000,1,65,1,0
958672,84,system of a down,44,0.523810,4,84,1,0
959215,75,rihanna,74,1.000000,1,74,1,0
959256,74,one direction,41,0.561644,13,73,1,0
959983,112,one direction,50,0.446429,6,112,0,0
960355,111,journey,34,0.314815,12,108,0,1
961354,101,one direction,58,0.597938,2,97,1,0
962479,64,dave matthews band,64,1.000000,1,64,1,0
962793,88,red hot chili peppers,44,0.523810,6,84,1,0
964832,63,norah jones,62,1.000000,1,62,1,0
965315,81,counting crows,27,0.337500,14,80,0,1
966659,51,reo speedwagon,23,0.450980,4,51,0,0
968128,61,one direction,53,0.868852,2,61,1,0
968273,75,whitney houston,73,0.986486,2,74,1,0
970148,66,bruno mars,12,0.187500,12,64,0,1
975525,57,maroon 5,31,0.543860,6,57,1,0
976078,56,pearl jam,52,0.962963,3,54,1,0
976151,50,justin bieber,49,1.000000,1,49,1,0
979384,52,rihanna,52,1.000000,1,52,1,0
979901,50,nickelback,50,1.000000,1,50,1,0
980060,108,justin bieber,20,0.186916,11,107,0,1
984994,66,coldplay,62,0.984127,2,63,1,0
985902,56,justin bieber,52,1.000000,1,52,1,0
986412,67,justin bieber,46,0.958333,3,48,1,0
987685,60,norah jones,53,0.946429,4,56,1,0
989548,76,kiss,32,0.426667,14,75,0,0
989812,52,john legend,48,1.000000,1,48,1,0
990683,92,taylor swift,20,0.217391,11,92,0,1
990822,58,one direction,58,1.000000,1,58,1,0
991422,62,kelly clarkson,14,0.229508,12,61,0,1
993312,92,p!nk,30,0.326087,17,92,0,1
993350,58,one direction,58,1.000000,1,58,1,0
995712,52,one direction,51,0.980769,2,52,1,0
996098,65,nirvana,17,0.265625,7,64,0,1
997082,63,justin bieber,59,1.000000,1,59,1,0
997364,75,nirvana,19,0.267606,5,71,0,1
997459,61,adele,23,0.403509,12,57,0,0
997929,89,alice in chains,45,0.569620,5,79,1,0
999069,108,electric light orchestra,96,0.979592,2,98,1,0
999585,50,bruno mars,18,0.360000,6,50,0,1
